nombre,consefion,dire,muni,long,lat,ccaa
Asamblea de Dios Ministerio de España,Evangélicos,Avenida Valvanera 13 Bajo,Calahorra,42.30481534085396,-1.9718711755919531,La Rioja
Asociación Musulmana de España,Musulmanes,Calle de Santa Lucía 14,Calahorra,42.30107797629358,-1.9546134179198826,La Rioja
Baha'i de Logroño,Baha'is,Calle Alcanadre 6 4ºC,Logroño,42.461907660084265,-2.419498917913243,La Rioja
Centro Budista Tibetano Ganden Chöeling Logroño,Budistas,Calle Marqués de Vallejo 6 1ªIzda.,Logroño,42.46590228909908,-2.445733389076998,La Rioja
Centro Islámico de Logroño Al Firdaus,Musulmanes,Calle Estéban Manuel Villegas 16 Bajo,Logroño,42.46661337337025,-2.4363585179130633,La Rioja
Centro Islámico Gulzar e Madina,Musulmanes,María Teresa Gil de Gárate 51 Bajo,Logroño,42.46008372047971,-2.450416731405027,La Rioja
Comunida Islámica de Hormilla Mezquita Altawba,Musulmanes,Calle Cuatro Cantones 20,Hormilla,42.4383910835388 ,-2.773776002569829,La Rioja
Comunidad Budista del Interser (Sangha del Camino),Budistas,Calle Villamediana 35 Bajo,Logroño,42.46035277420935,-2.4384188314050337,La Rioja
Comunidad Islámica Abu Bakr As-Siddiq de Igea (La Rioja),Musulmanes,Calle Solana 19,Igea,42.069164581706715,-2.009868402585004,La Rioja
Comunidad Islámica de Albelda Salam,Musulmanes,Plaza Javier Cámara 10 Bajos,Albelda de Iregua,42.35724349101235,-2.4726453025731634,La Rioja
Comunidad Islámica de Aldeanueva de Ebro,Musulmanes,Calle Portal 16,Aldeanueva de Ebro,42.23093642068431,-1.8871508449061576,La Rioja
Comunidad Islámica de Alfaro,Musulmanes,Calle Hospital Viejo 19,Alfaro,42.17830958826482,-1.7474569025805222,La Rioja
"Comunidad Islámica de Arnedo, Mezquita Rahma",Musulmanes,Calle San Miguel 55,Arnedo,42.22802495266927,-2.1042692886683874,La Rioja
"Comunidad Islámica de Autol, Mezquita de Autol",Musulmanes,Carretera de Arnedo 10,Autol,42.21317324401612,-2.006960489087392,La Rioja
Comunidad Islámica de Calahorra,Musulmanes,Calle Morcillón 10,Calahorra,42.301078093716626,-1.95684421791988,La Rioja
Comunidad Islámica de Calahorra Mezquita Essalam,Musulmanes,Calle Ramón Subirán 33 bajo,Calahorra,42.307447720435356,-1.970847288646326,La Rioja
"Comunidad Islámica de Casalarreina, Mezquita Attaubah",Musulmanes,Avenida La Rioja 38 Bajo,Casalarreina,42.54951125247897,-2.9095967448930207,La Rioja
Comunidad Islámica de Entrena Annor,Musulmanes,Calle de la Constitución 6 Bajo,Entrena,42.38666196251942,-2.527906987227561,La Rioja
Comunidad Islámica de Haro,Musulmanes,Calle de Navarra 13,Haro,42.577622175479256,-2.848507802564068,La Rioja
Comunidad Islámica de Jafria,Musulmanes,Calle Padre Marín 15 Bajo,Logroño,42.4652738617665 ,-2.4307215737326064,La Rioja
Comunidad Islámica de la Estrella (Logroño),Musulmanes,Calle Valderuga 19 Bajo,Logroño,42.45525556613639,-2.426319144896913,La Rioja
Comunidad Islámica de la Mezquita Manzanera de Logroño,Musulmanes,Calle de la Manzanera 14 Bajo,Logroño,42.46884482318807,-2.433777158388056,La Rioja
Comunidad Islámica de Logroño - Gulzare Madina Las Gaunas,Musulmanes,Av de España 8 Entreplanta Izq.,Logroño,42.4601692914977 ,-2.4452326327842826,La Rioja
Comunidad Islámica de Logroño Fezane Madina,Musulmanes,Calle Beatos Mena y Navarrete 42,Logroño,42.46680508617944,-2.4311618179130634,La Rioja
"Comunidad Islámica de Logroño, Mezquita Al-Huda",Musulmanes,Calle Beratúa 37 Bajo 1,Logroño,42.468003683254054,-2.457734973732488,La Rioja
Comunidad Islámica de Nájera Mezquita Al Rahman (CIA),Musulmanes,Avenida de la Sierra 36,Nájera,42.41457211085291,-2.7276748737347076,La Rioja
Comunidad Islámica de Pradejón (La Rioja),Musulmanes,Calle San Ponciano 6,Pradejón,42.3354620586662 ,-2.066260358393554,La Rioja
Comunidad Islámica de Quel Mezquita Alijlass-CIQI-,Musulmanes,Avenida de Santa Cruz 4 Local,Quel,42.228492770316365,-2.050731243053525,La Rioja
Comunidad Islámica de Rincón de Soto,Musulmanes,Calle Cascajuelo 13,Rincón de Soto,42.23448321309509,-1.8500809314143,La Rioja
Comunidad Islámica de Santo Domingo de la Calzada ,Musulmanes,Avenida Juan Carlos 64 Bajo,Santo Domingo de la Calzada,42.44022154280348,-2.9567276602419272,La Rioja
Comunidad Islámica Mezquita Minhaj-Ul-Quran,Musulmanes,Calle Manzanera 14 Bajo,Logroño,42.46883683481777,-2.4337235290764276,La Rioja
Comunidad Islámica Villar de Arnedo Mezquita el Mohsinin (CIVAM),Musulmanes,Calle los Ochoas 23 Bajo,El Villar de Arnedo,42.321044727715915,-2.094614160246847,La Rioja
"Comunidad Musulmana de Alberite, Mezquita Annour - CMA",Musulmanes,Calle Real 1 Local 5,Alberite,42.405777126068614,-2.441155717455056,La Rioja
Comunidad Musulmana Subsahariana en Logroño,Musulmanes,Calle Somosierra 10 Bajo,Logroño,42.46016302913781,-2.4475745602411396,La Rioja
Iglesia Asamblea de Dios Misión Logroño,Evangélicos,Calle Madre de Dios 64,Logroño,42.46803375414421,-2.4301801602408113,La Rioja
Iglesia Bautista Calvario,Evangélicos,Calle Vara del Rey 55 1º C,Logroño,42.45979651469717,-2.4459909430440026,La Rioja
Iglesia Bautista de Logroño,Evangélicos,Calle Diego de Velázquez 3,Logroño,42.45469887771608,-2.4492592174413845,La Rioja
"Iglesia Bíblica Jesús, Manantial de Vida",Evangélicos,Calle Obispo Fidel García 10 Bajos 6,Logroño,42.46068913384172,-2.428502031404994,La Rioja
Iglesia Comunidad Cristiana de Calahorra,Evangélicos,Avenida de Valvanera 25 local,Calahorra,42.30605760229772,-1.970196016066956,La Rioja
Iglesia Cristiana Adventista del Séptimo Día,Adventistas,Carretera Logroño (Junto a Torretas-Calahorra),Calahorra,,,La Rioja
Iglesia Cristiana Adventista del Séptimo Día,Adventistas,Calle Luis Barrón 56 Bajo,Logroño,42.467672498413584,-2.461059844896394,La Rioja
Iglesia Cristiana Interdenominacional,Evangélicos,Calle Doctor Chavarría 14,Calahorra,42.304854166468296,-1.96020373097487,La Rioja
Iglesia Cristiana Plenitud de Vida,Evangélicos,Calle Tenerías 8,Haro,42.57602468564825,-2.851994617908558,La Rioja
Iglesia Cuerpo de Cristo,Evangélicos,Avenida de Madrid 44,Logroño,42.452693941964135,-2.449041031405335,La Rioja
Iglesia de Jesucristo Salvador en La Rioja,Evangélicos,Calle Mayor 72 4º D,Logroño,,,La Rioja
"Iglesia del Santo Daime de España (Centro Ecléctico de la Fuente de Luz Universal, Raimundo Ireneu Serra de España)",Otras Religiones,Camino de Tejera 7,Corera,42.34530885382566,-2.2174878737375465,La Rioja
Iglesia Evangélica Comunidad Cristiana de Logroño Asambleas de Dios,Evangélicos,Calle Río Isla 1,Logroño,42.46090289851782,-2.4642737020951992,La Rioja
Iglesia Evangélica Filadelfia,Evangélicos,Avenida Santo Domingo 60,Haro,42.56669330507507,-2.867495444892321,La Rioja
Iglesia Evangélica Filadelfia,Evangélicos,Calle Los Baños 5,Logroño,42.467608281561745,-2.442139475110040,La Rioja
Iglesia Evangélica Filadelfia,Evangélicos,Calle Calvo Sotelo 34 Bajo,Logroño,42.46393384673229,-2.441177961619304,La Rioja
Iglesia Evangélica Filadelfia,Evangélicos,Avenida Príncipe de Asturias 59 Bajo,Anguciana,42.57337559331417,-2.8955123890725276,La Rioja
Iglesia Evangélica Filadelfia,Evangélicos,Calle Ramada 23,Calahorra,42.28293173951077,-1.9746564344277153,La Rioja
Iglesia Evangélica Luz del Mundo Asambleas de Dios,Evangélicos,Calle Beratua 36,Logroño,42.46895457669857,-2.457297917437453,La Rioja
Iglesia Evangélica Maslinul,Evangélicos,Calle Somosierra 14,Logroño,42.46042971486655,-2.4488528039480864,La Rioja
Iglesia Evangélica Rumana Emanuel,Evangélicos,Calle Vélez de Guevara 43 bajo,Logroño,42.46136744157989,-2.45696647558549,La Rioja
Iglesia Evangélica Rumana Noua Speranta,Evangélicos,Calle Lardero 37 Bajo 3,Logroño,42.46038259542588,-2.451762746749425,La Rioja
Iglesia Pentecostal Dios es Amor,Evangélicos,Calle Poniente 8,Logroño,42.467894411979685,-2.459936717913012,La Rioja
Iglesia Pentecostal Unida en Europa,Evangélicos,Calle Doctor Múgica 23 Bajo 4,Logroño,42.4604833193179 ,-2.451083989077223,La Rioja
Iglesia Pentecostal Unida en Europa,Evangélicos,Calle Goya 5 Local Bajo 2,Calahorra,42.30724502972466,-1.9630810621001242,La Rioja
Iglesia Presbiteriana de la Santísima Trinidad de Ghana,Evangélicos,Calle Nueva 3 Bajo,Logroño,42.45900614931268,-2.4318647597679495,La Rioja
La Iglesia de Jesucristo de los Santos de los Últimos Días,Iglesia de Jesucristo de los Santos de los Últimos Días,Calle Serradero 25,Logroño,42.450021085082525,-2.46873043140545,La Rioja
Ministerio Internacional Vida Nueva- El Alfarero-,Evangélicos,Calle Quintiliano 9 Bajo,Logroño,42.468370669067994,-2.434519602568569,La Rioja
Ministros de la Evidencia del Evangelio (Evidence of Gospel Ministries),Evangélicos,Calle San José de Calasanz 11 Bajo 2,Logroño,42.46582108804551,-2.4300453314047914,La Rioja
Movimiento Misionero Mundial,Evangélicos,Calle Andalucía 2,Arnedo,42.22491999387563,-2.102702430997121,La Rioja
"Parroquia Ortodoxa Rumana Santísima Trinidad, de Logroño",Ortodoxos,Paseo del Prior 6,Logroño,42.470500904070356,-2.434506931404597,La Rioja
Parroquia Ortodoxa Rumana Santo Jerarca Espiridón El Milagroso de Calahorra,Ortodoxos,Calle del Río Oja 2 4ºB,Calahorra,,,La Rioja
Parroquia San Porfirio de Kafsokalvia de Logroño,Ortodoxos,Calle Padre Marín 31 Bajo 3 y 4,Logroño,42.466827529154635,-2.430037116060345,La Rioja
Salón del Reino de los Testigos Cristianos de Jehová,Testigos de Jehová,Calle Galicia 1 Bajo,Calahorra,42.309709287903516,-1.970863063515012,La Rioja
Salón del Reino de los Testigos Cristianos de Jehová,Testigos de Jehová,Calle Beratúa 40 Bajo,Logroño,42.4690903958973 ,-2.457156431404642,La Rioja
Salón del Reino de los Testigos Cristianos de Jehová,Testigos de Jehová,Calle Nueva 4 (6) Bajo,Nájera,42.41843554384246,-2.7225961737345266,La Rioja